CSM 921,KMS
BRM 114,KMS
BCM 285,KMS
CSM 924,KMS
FRM 80,KMS
UNIMATE 8256,KMS
UT 8007,KMS
PQRS,KMS
CSM 913,KMS
EXPRT 3963,KMS
UTV 5002,RAILS/MBC
DOMATIC 8058,KMS
CSM 938,KMS
BCM 328,KMS
EXP TEMP 3962,KMS
FRM 1889,KMS
CSM 927,KMS
DGS 343,KMS
DOMATIC 8064,KMS
FRM 1872,KMS
UNIMATE 8280,KMS
DOMATIC 8085,KMS
UNIMATE 8310,KMS
T/28,KMS
BCM 344,KMS
BRM 117,
TRT,
DGS 373,KMS
DOMATIC 8054,KMS
PQRS 9/13,
DGS 399,KMS
DGS 426,KMS
BCM 391,KMS
DGS 346,KMS
BCM 333,KMS
RGM,
PQRS27/28,
EXPRT 3970,
DOMATIC8137,
CSM 977,KM
DGS 358,
CSM 918,
UNIMATE 8419,KM
TWR,KM
BCM 719,
BCM 357,
UNIMATE 8402,
