Girder replacement,OE
Turnout replacement,OE
Rail Replacement,OE
Sleeper replacement,OE
De-Stressing block,OE
Maintenance,OE
Dip Lorry Work,OE
Welding Work,OE
OHE Block,OH
TRR Block,OE
BKH Unloading,MT
BOBY Unloading,MT
MBOX Unloading,MT
EUR Unloading,MT
Others,OE
Machine Block,MC
Engg const.block,OE
BFR UNLOADING.,MT
TUNEL MAINTANANCE.,OE
SEJ REPLACEMENT.,OE
Push Trolley,OE
PANEL INTERCHANGING.,OE
NI WORKS AT BPQ.,OE
MATERIAL LOADING.,MT
CROSSING REPLACEMENT,OE
TSR BLOCK,OE
BRIDGE WORK,OE
BOULDER REMOVEL,OE
M/RAKE,OE
BT/BRN,MT
Lifting of Rails,OE
Rail Unloading,MT
M/Rake Loading,MT
CTR Work,OE
Lifting of Track,OE
Dismantling of track,OE
Sleeper Unloading,MT
S&T BLOCK,ST
NI WORK,OE
Monsoon rake,MT
Chamfering of Xing,OE
TFR WORK,OE
Rail Hauling,OE
Switch Replacement,OE
Deep Screening,OE
BRN UNLOADING,MT
Rail cutting,OE
T/Out attention,OE
Visual inspection,OE
UTV 010,OE
UTV 095,OE
RECONDITIONING,OE
Box Pushing work,OE
Glued jts R/ment,OE
LHS Work,OE
